{
  "$type": "ThunderRoad.EffectData, Assembly-CSharp",
  "id": "SpellSpiderCharge",
  "saveFolder": "Bas",
  "version": 0,
  "groupId": "Lightning",
  "volumeDb": 0.0,
  "modules": [
    {
      "$type": "ThunderRoad.EffectModuleAudio, Assembly-CSharp",
      "effectLink": "Intensity",
      "audioContainerAddress": "Bas.AudioGroup.Spell.Lightning.ChargeStart",
      "loopFadeDelay": 0.0,
      "audioMixer": "Effect",
      "volumeDb": 0.0,
      "volumeCurve": {
        "keys": [
          {
            "time": 0.0,
            "value": 0.3,
            "inTangent": 0.0,
            "outTangent": 0.0,
            "inWeight": 0.0,
            "outWeight": 0.333333343,
            "weightedMode": "None",
            "tangentMode": 34
          },
          {
            "time": 1.0,
            "value": 0.3,
            "inTangent": 0.0,
            "outTangent": 0.0,
            "inWeight": 0.333333343,
            "outWeight": 0.0,
            "weightedMode": "None",
            "tangentMode": 34
          }
        ],
        "length": 2,
        "preWrapMode": "ClampForever",
        "postWrapMode": "ClampForever"
      },
      "spatialBlend": 1.0,
      "playDelay": 0.0,
      "randomPlay": false,
      "randomMinTime": 2.0,
      "randomMaxTime": 5.0,
      "randomPitch": true,
      "pitchEffectLink": "Intensity",
      "pitchCurve": {
        "keys": [
          {
            "time": 0.0,
            "value": 0.9,
            "inTangent": 0.399999976,
            "outTangent": 0.399999976,
            "inWeight": 0.0,
            "outWeight": 0.333333343,
            "weightedMode": "None",
            "tangentMode": 34
          },
          {
            "time": 1.0,
            "value": 1.3,
            "inTangent": 0.399999976,
            "outTangent": 0.399999976,
            "inWeight": 0.333333343,
            "outWeight": 0.0,
            "weightedMode": "None",
            "tangentMode": 34
          }
        ],
        "length": 2,
        "preWrapMode": "ClampForever",
        "postWrapMode": "ClampForever"
      },
      "useLowPassFilter": false,
      "lowPassCutoffFrequencyCurve": {
        "keys": [
          {
            "time": 0.0,
            "value": 6000.0,
            "inTangent": 0.0,
            "outTangent": 0.0,
            "inWeight": 0.0,
            "outWeight": 0.0,
            "weightedMode": "None",
            "tangentMode": 0
          },
          {
            "time": 1.0,
            "value": 6000.0,
            "inTangent": 0.0,
            "outTangent": 0.0,
            "inWeight": 0.0,
            "outWeight": 0.0,
            "weightedMode": "None",
            "tangentMode": 0
          }
        ],
        "length": 2,
        "preWrapMode": "ClampForever",
        "postWrapMode": "ClampForever"
      },
      "lowPassResonanceQCurve": {
        "keys": [
          {
            "time": 0.0,
            "value": 1.0,
            "inTangent": 0.0,
            "outTangent": 0.0,
            "inWeight": 0.0,
            "outWeight": 0.0,
            "weightedMode": "None",
            "tangentMode": 0
          },
          {
            "time": 1.0,
            "value": 1.0,
            "inTangent": 0.0,
            "outTangent": 0.0,
            "inWeight": 0.0,
            "outWeight": 0.0,
            "weightedMode": "None",
            "tangentMode": 0
          }
        ],
        "length": 2,
        "preWrapMode": "ClampForever",
        "postWrapMode": "ClampForever"
      },
      "useHighPassFilter": false,
      "highPassCutoffFrequencyCurve": {
        "keys": [
          {
            "time": 0.0,
            "value": 10.0,
            "inTangent": 0.0,
            "outTangent": 0.0,
            "inWeight": 0.0,
            "outWeight": 0.0,
            "weightedMode": "None",
            "tangentMode": 0
          },
          {
            "time": 1.0,
            "value": 10.0,
            "inTangent": 0.0,
            "outTangent": 0.0,
            "inWeight": 0.0,
            "outWeight": 0.0,
            "weightedMode": "None",
            "tangentMode": 0
          }
        ],
        "length": 2,
        "preWrapMode": "ClampForever",
        "postWrapMode": "ClampForever"
      },
      "highPassResonanceQCurve": {
        "keys": [
          {
            "time": 0.0,
            "value": 1.0,
            "inTangent": 0.0,
            "outTangent": 0.0,
            "inWeight": 0.0,
            "outWeight": 0.0,
            "weightedMode": "None",
            "tangentMode": 0
          },
          {
            "time": 1.0,
            "value": 1.0,
            "inTangent": 0.0,
            "outTangent": 0.0,
            "inWeight": 0.0,
            "outWeight": 0.0,
            "weightedMode": "None",
            "tangentMode": 0
          }
        ],
        "length": 2,
        "preWrapMode": "ClampForever",
        "postWrapMode": "ClampForever"
      },
      "useReverbFilter": false,
      "reverbDryLevelCurve": {
        "keys": [
          {
            "time": 0.0,
            "value": 0.0,
            "inTangent": 0.0,
            "outTangent": 0.0,
            "inWeight": 0.0,
            "outWeight": 0.0,
            "weightedMode": "None",
            "tangentMode": 0
          },
          {
            "time": 1.0,
            "value": 0.0,
            "inTangent": 0.0,
            "outTangent": 0.0,
            "inWeight": 0.0,
            "outWeight": 0.0,
            "weightedMode": "None",
            "tangentMode": 0
          }
        ],
        "length": 2,
        "preWrapMode": "ClampForever",
        "postWrapMode": "ClampForever"
      },
      "minDistance": 1.0,
      "maxDistance": 500.0,
      "step": "Start",
      "stepCustomId": null,
      "plateformFilter": "Windows, Android",
      "isGore": false,
      "damagerStateFilter": "Inactive, Active",
      "damageTypeFilter": "Energy, Blunt, Slash, Pierce",
      "penetrationFilter": "None, Pressure, Hit",
      "imbuesFilterLogic": "AnyExcept",
      "imbuesFilter": [],
      "colliderGroupFilterLogic": "AnyExcept",
      "colliderGroupsFilter": [],
      "damagersFilterLogic": "AnyExcept",
      "damagersFilter": []
    },
    {
      "$type": "ThunderRoad.EffectModuleAudio, Assembly-CSharp",
      "effectLink": "Intensity",
      "audioContainerAddress": "Bas.AudioGroup.Spell.Lightning.ChargeLoop",
      "loopFadeDelay": 1.0,
      "audioMixer": "Effect",
      "volumeDb": 0.0,
      "volumeCurve": {
        "keys": [
          {
            "time": 0.0,
            "value": 0.2,
            "inTangent": 0.0,
            "outTangent": 0.0,
            "inWeight": 0.0,
            "outWeight": 0.333333343,
            "weightedMode": "None",
            "tangentMode": 34
          },
          {
            "time": 1.0,
            "value": 0.2,
            "inTangent": 0.0,
            "outTangent": 0.0,
            "inWeight": 0.333333343,
            "outWeight": 0.0,
            "weightedMode": "None",
            "tangentMode": 34
          }
        ],
        "length": 2,
        "preWrapMode": "ClampForever",
        "postWrapMode": "ClampForever"
      },
      "spatialBlend": 1.0,
      "playDelay": 0.0,
      "randomPlay": false,
      "randomMinTime": 2.0,
      "randomMaxTime": 5.0,
      "randomPitch": false,
      "pitchEffectLink": "Intensity",
      "pitchCurve": {
        "keys": [
          {
            "time": 0.0,
            "value": 0.9,
            "inTangent": 0.0934191048,
            "outTangent": 0.0934191048,
            "inWeight": 0.0,
            "outWeight": 0.0478424057,
            "weightedMode": "None",
            "tangentMode": 0
          },
          {
            "time": 0.303279072,
            "value": 0.9168896,
            "inTangent": 0.0965391248,
            "outTangent": 0.0965391248,
            "inWeight": 0.24053295,
            "outWeight": 0.333333343,
            "weightedMode": "None",
            "tangentMode": 0
          },
          {
            "time": 0.7509153,
            "value": 0.9791814,
            "inTangent": 0.290189743,
            "outTangent": 0.290189743,
            "inWeight": 0.333333343,
            "outWeight": 0.333333343,
            "weightedMode": "None",
            "tangentMode": 0
          },
          {
            "time": 1.0,
            "value": 1.1,
            "inTangent": 0.949734747,
            "outTangent": 0.949734747,
            "inWeight": 0.0478423834,
            "outWeight": 0.0,
            "weightedMode": "None",
            "tangentMode": 0
          }
        ],
        "length": 4,
        "preWrapMode": "ClampForever",
        "postWrapMode": "ClampForever"
      },
      "useLowPassFilter": false,
      "lowPassCutoffFrequencyCurve": {
        "keys": [
          {
            "time": 0.0,
            "value": 22000.0,
            "inTangent": 0.0,
            "outTangent": 0.0,
            "inWeight": 0.0,
            "outWeight": 0.0,
            "weightedMode": "None",
            "tangentMode": 0
          },
          {
            "time": 1.0,
            "value": 22000.0,
            "inTangent": 0.0,
            "outTangent": 0.0,
            "inWeight": 0.0,
            "outWeight": 0.0,
            "weightedMode": "None",
            "tangentMode": 0
          }
        ],
        "length": 2,
        "preWrapMode": "ClampForever",
        "postWrapMode": "ClampForever"
      },
      "lowPassResonanceQCurve": {
        "keys": [
          {
            "time": 0.0,
            "value": 1.0,
            "inTangent": 0.0,
            "outTangent": 0.0,
            "inWeight": 0.0,
            "outWeight": 0.0,
            "weightedMode": "None",
            "tangentMode": 0
          },
          {
            "time": 1.0,
            "value": 1.0,
            "inTangent": 0.0,
            "outTangent": 0.0,
            "inWeight": 0.0,
            "outWeight": 0.0,
            "weightedMode": "None",
            "tangentMode": 0
          }
        ],
        "length": 2,
        "preWrapMode": "ClampForever",
        "postWrapMode": "ClampForever"
      },
      "useHighPassFilter": false,
      "highPassCutoffFrequencyCurve": {
        "keys": [
          {
            "time": 0.0,
            "value": 10.0,
            "inTangent": 0.0,
            "outTangent": 0.0,
            "inWeight": 0.0,
            "outWeight": 0.0,
            "weightedMode": "None",
            "tangentMode": 0
          },
          {
            "time": 1.0,
            "value": 10.0,
            "inTangent": 0.0,
            "outTangent": 0.0,
            "inWeight": 0.0,
            "outWeight": 0.0,
            "weightedMode": "None",
            "tangentMode": 0
          }
        ],
        "length": 2,
        "preWrapMode": "ClampForever",
        "postWrapMode": "ClampForever"
      },
      "highPassResonanceQCurve": {
        "keys": [
          {
            "time": 0.0,
            "value": 1.0,
            "inTangent": 0.0,
            "outTangent": 0.0,
            "inWeight": 0.0,
            "outWeight": 0.0,
            "weightedMode": "None",
            "tangentMode": 0
          },
          {
            "time": 1.0,
            "value": 1.0,
            "inTangent": 0.0,
            "outTangent": 0.0,
            "inWeight": 0.0,
            "outWeight": 0.0,
            "weightedMode": "None",
            "tangentMode": 0
          }
        ],
        "length": 2,
        "preWrapMode": "ClampForever",
        "postWrapMode": "ClampForever"
      },
      "useReverbFilter": false,
      "reverbDryLevelCurve": {
        "keys": [
          {
            "time": 0.0,
            "value": 0.0,
            "inTangent": 0.0,
            "outTangent": 0.0,
            "inWeight": 0.0,
            "outWeight": 0.0,
            "weightedMode": "None",
            "tangentMode": 0
          },
          {
            "time": 1.0,
            "value": 0.0,
            "inTangent": 0.0,
            "outTangent": 0.0,
            "inWeight": 0.0,
            "outWeight": 0.0,
            "weightedMode": "None",
            "tangentMode": 0
          }
        ],
        "length": 2,
        "preWrapMode": "ClampForever",
        "postWrapMode": "ClampForever"
      },
      "minDistance": 1.0,
      "maxDistance": 500.0,
      "step": "Loop",
      "stepCustomId": null,
      "plateformFilter": "Windows, Android",
      "isGore": false,
      "damagerStateFilter": "Inactive, Active",
      "damageTypeFilter": "Energy, Blunt, Slash, Pierce",
      "penetrationFilter": "None, Pressure, Hit",
      "imbuesFilterLogic": "AnyExcept",
      "imbuesFilter": [],
      "colliderGroupFilterLogic": "AnyExcept",
      "colliderGroupsFilter": [],
      "damagersFilterLogic": "AnyExcept",
      "damagersFilter": []
    },
    {
      "$type": "ThunderRoad.EffectModuleAudio, Assembly-CSharp",
      "effectLink": "Intensity",
      "audioContainerAddress": "Bas.AudioGroup.Spell.Lightning.ChargeLoop2",
      "loopFadeDelay": 0.0,
      "audioMixer": "Effect",
      "volumeDb": 0.0,
      "volumeCurve": {
        "keys": [
          {
            "time": 0.0,
            "value": 0.0,
            "inTangent": 0.2,
            "outTangent": 0.2,
            "inWeight": 0.0,
            "outWeight": 0.333333343,
            "weightedMode": "None",
            "tangentMode": 34
          },
          {
            "time": 1.0,
            "value": 0.2,
            "inTangent": 0.2,
            "outTangent": 0.2,
            "inWeight": 0.333333343,
            "outWeight": 0.0,
            "weightedMode": "None",
            "tangentMode": 34
          }
        ],
        "length": 2,
        "preWrapMode": "ClampForever",
        "postWrapMode": "ClampForever"
      },
      "spatialBlend": 1.0,
      "playDelay": 0.0,
      "randomPlay": false,
      "randomMinTime": 2.0,
      "randomMaxTime": 5.0,
      "randomPitch": false,
      "pitchEffectLink": "Intensity",
      "pitchCurve": {
        "keys": [
          {
            "time": 0.0,
            "value": 2.0,
            "inTangent": 1.0,
            "outTangent": 1.0,
            "inWeight": 0.0,
            "outWeight": 0.333333343,
            "weightedMode": "None",
            "tangentMode": 34
          },
          {
            "time": 1.0,
            "value": 3.0,
            "inTangent": 1.0,
            "outTangent": 1.0,
            "inWeight": 0.333333343,
            "outWeight": 0.0,
            "weightedMode": "None",
            "tangentMode": 34
          }
        ],
        "length": 2,
        "preWrapMode": "ClampForever",
        "postWrapMode": "ClampForever"
      },
      "useLowPassFilter": true,
      "lowPassCutoffFrequencyCurve": {
        "keys": [
          {
            "time": 0.0,
            "value": 6000.0,
            "inTangent": 14000.0,
            "outTangent": 14000.0,
            "inWeight": 0.0,
            "outWeight": 0.333333343,
            "weightedMode": "None",
            "tangentMode": 34
          },
          {
            "time": 1.0,
            "value": 20000.0,
            "inTangent": 14000.0,
            "outTangent": 14000.0,
            "inWeight": 0.333333343,
            "outWeight": 0.0,
            "weightedMode": "None",
            "tangentMode": 34
          }
        ],
        "length": 2,
        "preWrapMode": "ClampForever",
        "postWrapMode": "ClampForever"
      },
      "lowPassResonanceQCurve": {
        "keys": [
          {
            "time": 0.0,
            "value": 1.0,
            "inTangent": 0.0,
            "outTangent": 0.0,
            "inWeight": 0.0,
            "outWeight": 0.0,
            "weightedMode": "None",
            "tangentMode": 0
          },
          {
            "time": 1.0,
            "value": 1.0,
            "inTangent": 0.0,
            "outTangent": 0.0,
            "inWeight": 0.0,
            "outWeight": 0.0,
            "weightedMode": "None",
            "tangentMode": 0
          }
        ],
        "length": 2,
        "preWrapMode": "ClampForever",
        "postWrapMode": "ClampForever"
      },
      "useHighPassFilter": false,
      "highPassCutoffFrequencyCurve": {
        "keys": [
          {
            "time": 0.0,
            "value": 10.0,
            "inTangent": 0.0,
            "outTangent": 0.0,
            "inWeight": 0.0,
            "outWeight": 0.0,
            "weightedMode": "None",
            "tangentMode": 0
          },
          {
            "time": 1.0,
            "value": 10.0,
            "inTangent": 0.0,
            "outTangent": 0.0,
            "inWeight": 0.0,
            "outWeight": 0.0,
            "weightedMode": "None",
            "tangentMode": 0
          }
        ],
        "length": 2,
        "preWrapMode": "ClampForever",
        "postWrapMode": "ClampForever"
      },
      "highPassResonanceQCurve": {
        "keys": [
          {
            "time": 0.0,
            "value": 1.0,
            "inTangent": 0.0,
            "outTangent": 0.0,
            "inWeight": 0.0,
            "outWeight": 0.0,
            "weightedMode": "None",
            "tangentMode": 0
          },
          {
            "time": 1.0,
            "value": 1.0,
            "inTangent": 0.0,
            "outTangent": 0.0,
            "inWeight": 0.0,
            "outWeight": 0.0,
            "weightedMode": "None",
            "tangentMode": 0
          }
        ],
        "length": 2,
        "preWrapMode": "ClampForever",
        "postWrapMode": "ClampForever"
      },
      "useReverbFilter": false,
      "reverbDryLevelCurve": {
        "keys": [
          {
            "time": 0.0,
            "value": 0.0,
            "inTangent": 0.0,
            "outTangent": 0.0,
            "inWeight": 0.0,
            "outWeight": 0.0,
            "weightedMode": "None",
            "tangentMode": 0
          },
          {
            "time": 1.0,
            "value": 0.0,
            "inTangent": 0.0,
            "outTangent": 0.0,
            "inWeight": 0.0,
            "outWeight": 0.0,
            "weightedMode": "None",
            "tangentMode": 0
          }
        ],
        "length": 2,
        "preWrapMode": "ClampForever",
        "postWrapMode": "ClampForever"
      },
      "minDistance": 1.0,
      "maxDistance": 500.0,
      "step": "Loop",
      "stepCustomId": null,
      "plateformFilter": "Windows, Android",
      "isGore": false,
      "damagerStateFilter": "Inactive, Active",
      "damageTypeFilter": "Energy, Blunt, Slash, Pierce",
      "penetrationFilter": "None, Pressure, Hit",
      "imbuesFilterLogic": "AnyExcept",
      "imbuesFilter": [],
      "colliderGroupFilterLogic": "AnyExcept",
      "colliderGroupsFilter": [],
      "damagersFilterLogic": "AnyExcept",
      "damagersFilter": []
    },
    {
      "$type": "ThunderRoad.EffectModuleAudio, Assembly-CSharp",
      "effectLink": "Intensity",
      "audioContainerAddress": "Bas.AudioGroup.Spell.Lightning.ChargeLoop3",
      "loopFadeDelay": 1.0,
      "audioMixer": "Effect",
      "volumeDb": 0.0,
      "volumeCurve": {
        "keys": [
          {
            "time": 0.0,
            "value": 0.0,
            "inTangent": 0.4,
            "outTangent": 0.4,
            "inWeight": 0.0,
            "outWeight": 0.333333343,
            "weightedMode": "None",
            "tangentMode": 34
          },
          {
            "time": 1.0,
            "value": 0.4,
            "inTangent": 0.4,
            "outTangent": 0.4,
            "inWeight": 0.333333343,
            "outWeight": 0.0,
            "weightedMode": "None",
            "tangentMode": 34
          }
        ],
        "length": 2,
        "preWrapMode": "ClampForever",
        "postWrapMode": "ClampForever"
      },
      "spatialBlend": 1.0,
      "playDelay": 0.0,
      "randomPlay": false,
      "randomMinTime": 2.0,
      "randomMaxTime": 5.0,
      "randomPitch": false,
      "pitchEffectLink": "Intensity",
      "pitchCurve": {
        "keys": [
          {
            "time": 0.0,
            "value": 3.0,
            "inTangent": 0.0,
            "outTangent": 0.0,
            "inWeight": 0.0,
            "outWeight": 0.333333343,
            "weightedMode": "None",
            "tangentMode": 34
          },
          {
            "time": 1.0,
            "value": 3.0,
            "inTangent": 0.0,
            "outTangent": 0.0,
            "inWeight": 0.333333343,
            "outWeight": 0.0,
            "weightedMode": "None",
            "tangentMode": 34
          }
        ],
        "length": 2,
        "preWrapMode": "ClampForever",
        "postWrapMode": "ClampForever"
      },
      "useLowPassFilter": true,
      "lowPassCutoffFrequencyCurve": {
        "keys": [
          {
            "time": 0.0,
            "value": 5000.0,
            "inTangent": 15000.0,
            "outTangent": 15000.0,
            "inWeight": 0.0,
            "outWeight": 0.333333343,
            "weightedMode": "None",
            "tangentMode": 34
          },
          {
            "time": 1.0,
            "value": 20000.0,
            "inTangent": 15000.0,
            "outTangent": 15000.0,
            "inWeight": 0.333333343,
            "outWeight": 0.0,
            "weightedMode": "None",
            "tangentMode": 34
          }
        ],
        "length": 2,
        "preWrapMode": "ClampForever",
        "postWrapMode": "ClampForever"
      },
      "lowPassResonanceQCurve": {
        "keys": [
          {
            "time": 0.0,
            "value": 1.0,
            "inTangent": 0.0,
            "outTangent": 0.0,
            "inWeight": 0.0,
            "outWeight": 0.0,
            "weightedMode": "None",
            "tangentMode": 0
          },
          {
            "time": 1.0,
            "value": 1.0,
            "inTangent": 0.0,
            "outTangent": 0.0,
            "inWeight": 0.0,
            "outWeight": 0.0,
            "weightedMode": "None",
            "tangentMode": 0
          }
        ],
        "length": 2,
        "preWrapMode": "ClampForever",
        "postWrapMode": "ClampForever"
      },
      "useHighPassFilter": false,
      "highPassCutoffFrequencyCurve": {
        "keys": [
          {
            "time": 0.0,
            "value": 10.0,
            "inTangent": 0.0,
            "outTangent": 0.0,
            "inWeight": 0.0,
            "outWeight": 0.0,
            "weightedMode": "None",
            "tangentMode": 0
          },
          {
            "time": 1.0,
            "value": 10.0,
            "inTangent": 0.0,
            "outTangent": 0.0,
            "inWeight": 0.0,
            "outWeight": 0.0,
            "weightedMode": "None",
            "tangentMode": 0
          }
        ],
        "length": 2,
        "preWrapMode": "ClampForever",
        "postWrapMode": "ClampForever"
      },
      "highPassResonanceQCurve": {
        "keys": [
          {
            "time": 0.0,
            "value": 1.0,
            "inTangent": 0.0,
            "outTangent": 0.0,
            "inWeight": 0.0,
            "outWeight": 0.0,
            "weightedMode": "None",
            "tangentMode": 0
          },
          {
            "time": 1.0,
            "value": 1.0,
            "inTangent": 0.0,
            "outTangent": 0.0,
            "inWeight": 0.0,
            "outWeight": 0.0,
            "weightedMode": "None",
            "tangentMode": 0
          }
        ],
        "length": 2,
        "preWrapMode": "ClampForever",
        "postWrapMode": "ClampForever"
      },
      "useReverbFilter": false,
      "reverbDryLevelCurve": {
        "keys": [
          {
            "time": 0.0,
            "value": 0.0,
            "inTangent": 0.0,
            "outTangent": 0.0,
            "inWeight": 0.0,
            "outWeight": 0.0,
            "weightedMode": "None",
            "tangentMode": 0
          },
          {
            "time": 1.0,
            "value": 0.0,
            "inTangent": 0.0,
            "outTangent": 0.0,
            "inWeight": 0.0,
            "outWeight": 0.0,
            "weightedMode": "None",
            "tangentMode": 0
          }
        ],
        "length": 2,
        "preWrapMode": "ClampForever",
        "postWrapMode": "ClampForever"
      },
      "minDistance": 1.0,
      "maxDistance": 500.0,
      "step": "Loop",
      "stepCustomId": null,
      "plateformFilter": "Windows, Android",
      "isGore": false,
      "damagerStateFilter": "Inactive, Active",
      "damageTypeFilter": "Energy, Blunt, Slash, Pierce",
      "penetrationFilter": "None, Pressure, Hit",
      "imbuesFilterLogic": "AnyExcept",
      "imbuesFilter": [],
      "colliderGroupFilterLogic": "AnyExcept",
      "colliderGroupsFilter": [],
      "damagersFilterLogic": "AnyExcept",
      "damagersFilter": []
    },
    {
      "$type": "ThunderRoad.EffectModuleAudio, Assembly-CSharp",
      "effectLink": "Intensity",
      "audioContainerAddress": "Bas.AudioGroup.Spell.Lightning.ChargeLoop1",
      "loopFadeDelay": 0.0,
      "audioMixer": "Effect",
      "volumeDb": 0.0,
      "volumeCurve": {
        "keys": [
          {
            "time": 0.0,
            "value": 0.0,
            "inTangent": 0.1,
            "outTangent": 0.1,
            "inWeight": 0.0,
            "outWeight": 0.333333343,
            "weightedMode": "None",
            "tangentMode": 34
          },
          {
            "time": 1.0,
            "value": 0.1,
            "inTangent": 0.1,
            "outTangent": 0.1,
            "inWeight": 0.333333343,
            "outWeight": 0.0,
            "weightedMode": "None",
            "tangentMode": 34
          }
        ],
        "length": 2,
        "preWrapMode": "ClampForever",
        "postWrapMode": "ClampForever"
      },
      "spatialBlend": 1.0,
      "playDelay": 0.0,
      "randomPlay": false,
      "randomMinTime": 2.0,
      "randomMaxTime": 5.0,
      "randomPitch": false,
      "pitchEffectLink": "Intensity",
      "pitchCurve": {
        "keys": [
          {
            "time": 0.0,
            "value": 0.9,
            "inTangent": 0.100000024,
            "outTangent": 0.100000024,
            "inWeight": 0.0,
            "outWeight": 0.333333343,
            "weightedMode": "None",
            "tangentMode": 34
          },
          {
            "time": 1.0,
            "value": 1.0,
            "inTangent": 0.100000024,
            "outTangent": 0.100000024,
            "inWeight": 0.333333343,
            "outWeight": 0.0,
            "weightedMode": "None",
            "tangentMode": 34
          }
        ],
        "length": 2,
        "preWrapMode": "ClampForever",
        "postWrapMode": "ClampForever"
      },
      "useLowPassFilter": false,
      "lowPassCutoffFrequencyCurve": {
        "keys": [
          {
            "time": 0.0,
            "value": 22000.0,
            "inTangent": 0.0,
            "outTangent": 0.0,
            "inWeight": 0.0,
            "outWeight": 0.0,
            "weightedMode": "None",
            "tangentMode": 0
          },
          {
            "time": 1.0,
            "value": 22000.0,
            "inTangent": 0.0,
            "outTangent": 0.0,
            "inWeight": 0.0,
            "outWeight": 0.0,
            "weightedMode": "None",
            "tangentMode": 0
          }
        ],
        "length": 2,
        "preWrapMode": "ClampForever",
        "postWrapMode": "ClampForever"
      },
      "lowPassResonanceQCurve": {
        "keys": [
          {
            "time": 0.0,
            "value": 1.0,
            "inTangent": 0.0,
            "outTangent": 0.0,
            "inWeight": 0.0,
            "outWeight": 0.0,
            "weightedMode": "None",
            "tangentMode": 0
          },
          {
            "time": 1.0,
            "value": 1.0,
            "inTangent": 0.0,
            "outTangent": 0.0,
            "inWeight": 0.0,
            "outWeight": 0.0,
            "weightedMode": "None",
            "tangentMode": 0
          }
        ],
        "length": 2,
        "preWrapMode": "ClampForever",
        "postWrapMode": "ClampForever"
      },
      "useHighPassFilter": false,
      "highPassCutoffFrequencyCurve": {
        "keys": [
          {
            "time": 0.0,
            "value": 10.0,
            "inTangent": 0.0,
            "outTangent": 0.0,
            "inWeight": 0.0,
            "outWeight": 0.0,
            "weightedMode": "None",
            "tangentMode": 0
          },
          {
            "time": 1.0,
            "value": 10.0,
            "inTangent": 0.0,
            "outTangent": 0.0,
            "inWeight": 0.0,
            "outWeight": 0.0,
            "weightedMode": "None",
            "tangentMode": 0
          }
        ],
        "length": 2,
        "preWrapMode": "ClampForever",
        "postWrapMode": "ClampForever"
      },
      "highPassResonanceQCurve": {
        "keys": [
          {
            "time": 0.0,
            "value": 1.0,
            "inTangent": 0.0,
            "outTangent": 0.0,
            "inWeight": 0.0,
            "outWeight": 0.0,
            "weightedMode": "None",
            "tangentMode": 0
          },
          {
            "time": 1.0,
            "value": 1.0,
            "inTangent": 0.0,
            "outTangent": 0.0,
            "inWeight": 0.0,
            "outWeight": 0.0,
            "weightedMode": "None",
            "tangentMode": 0
          }
        ],
        "length": 2,
        "preWrapMode": "ClampForever",
        "postWrapMode": "ClampForever"
      },
      "useReverbFilter": false,
      "reverbDryLevelCurve": {
        "keys": [
          {
            "time": 0.0,
            "value": 0.0,
            "inTangent": 0.0,
            "outTangent": 0.0,
            "inWeight": 0.0,
            "outWeight": 0.0,
            "weightedMode": "None",
            "tangentMode": 0
          },
          {
            "time": 1.0,
            "value": 0.0,
            "inTangent": 0.0,
            "outTangent": 0.0,
            "inWeight": 0.0,
            "outWeight": 0.0,
            "weightedMode": "None",
            "tangentMode": 0
          }
        ],
        "length": 2,
        "preWrapMode": "ClampForever",
        "postWrapMode": "ClampForever"
      },
      "minDistance": 1.0,
      "maxDistance": 500.0,
      "step": "Loop",
      "stepCustomId": null,
      "plateformFilter": "Windows, Android",
      "isGore": false,
      "damagerStateFilter": "Inactive, Active",
      "damageTypeFilter": "Energy, Blunt, Slash, Pierce",
      "penetrationFilter": "None, Pressure, Hit",
      "imbuesFilterLogic": "AnyExcept",
      "imbuesFilter": [],
      "colliderGroupFilterLogic": "AnyExcept",
      "colliderGroupsFilter": [],
      "damagersFilterLogic": "AnyExcept",
      "damagersFilter": []
    },
    {
      "$type": "ThunderRoad.EffectModuleMesh, Assembly-CSharp",
      "intensityCurve": {
        "keys": [
          {
            "time": 0.0,
            "value": 0.2,
            "inTangent": 0.0,
            "outTangent": 0.0,
            "inWeight": 0.0,
            "outWeight": 0.0,
            "weightedMode": "None",
            "tangentMode": 0
          },
          {
            "time": 1.0,
            "value": 1.0,
            "inTangent": 2.0,
            "outTangent": 2.0,
            "inWeight": 0.0,
            "outWeight": 0.0,
            "weightedMode": "None",
            "tangentMode": 0
          }
        ],
        "length": 2,
        "preWrapMode": "ClampForever",
        "postWrapMode": "ClampForever"
      },
      "lifeTime": 5.0,
      "refreshSpeed": 0.1,
      "linkBaseColor": "None",
      "linkTintColor": "Main",
      "linkEmissionColor": "None",
      "mainColorStart": {
        "r": 1.2,
        "g": 1.2,
        "b": 1.2,
        "a": 1.0
      },
      "mainColorEnd": {
        "r": 1.2,
        "g": 1.2,
        "b": 1.2,
        "a": 1.0
      },
      "secondaryColorStart": {
        "r": 1.2,
        "g": 1.2,
        "b": 1.2,
        "a": 1.0
      },
      "secondaryColorEnd": {
        "r": 1.2,
        "g": 1.2,
        "b": 1.2,
        "a": 1.0
      },
      "mainNoHdrColorStart": {
        "r": 1.2,
        "g": 1.2,
        "b": 1.2,
        "a": 1.0
      },
      "mainNoHdrColorEnd": {
        "r": 1.2,
        "g": 1.2,
        "b": 1.2,
        "a": 1.0
      },
      "secondaryNoHdrColorStart": {
        "r": 1.2,
        "g": 1.2,
        "b": 1.2,
        "a": 0.0
      },
      "secondaryNoHdrColorEnd": {
        "r": 1.2,
        "g": 1.2,
        "b": 1.2,
        "a": 0.0
      },
      "localScale": {
        "x": 0.0585122,
        "y": 0.0585122,
        "z": 0.0585122
      },
      "useSizeCurve": true,
      "sizeCurve": {
        "keys": [
          {
            "time": 0.0,
            "value": 0.01,
            "inTangent": 0.0,
            "outTangent": 0.0,
            "inWeight": 0.333333343,
            "outWeight": 0.333333343,
            "weightedMode": "None",
            "tangentMode": 0
          },
          {
            "time": 1.0,
            "value": 0.0585122,
            "inTangent": 0.0,
            "outTangent": 0.0,
            "inWeight": 0.333333343,
            "outWeight": 0.333333343,
            "weightedMode": "None",
            "tangentMode": 0
          }
        ],
        "length": 2,
        "preWrapMode": "ClampForever",
        "postWrapMode": "ClampForever"
      },
      "sizeFadeDuration": 0.0,
      "localRotation": {
        "x": 0.0,
        "y": 0.0,
        "z": 0.0
      },
      "useRotationYCurve": false,
      "rotationYCurve": null,
      "rotationFadeDuration": 0.0,
      "meshAddress": "Bas.Mesh.Sphere[GeoSphere]",
      "materials": [
        {
          "$type": "ThunderRoad.EffectModuleMesh+Materials+Material, Assembly-CSharp",
          "materialAddress": "Bas.Material.BallSmokeTile4V4"
        }
      ],
      "materialProperties": [
        {
          "$type": "ThunderRoad.EffectModuleMesh+MaterialProperty+Vector, Assembly-CSharp",
          "value": {
            "x": 10.0,
            "y": 10.0,
            "z": -10.0,
            "w": 10.0
          },
          "name": "_TimeScale"
        },
        {
          "$type": "ThunderRoad.EffectModuleMesh+MaterialProperty+Vector, Assembly-CSharp",
          "value": {
            "x": 5.0,
            "y": 5.0,
            "z": 0.0,
            "w": 0.0
          },
          "name": "_MainTex_ST"
        }
      ],
      "step": "Loop",
      "stepCustomId": null,
      "plateformFilter": "Windows, Android",
      "isGore": false,
      "damagerStateFilter": "Inactive, Active",
      "damageTypeFilter": "Energy, Blunt, Slash, Pierce",
      "penetrationFilter": "None, Pressure, Hit",
      "imbuesFilterLogic": "AnyExcept",
      "imbuesFilter": [],
      "colliderGroupFilterLogic": "AnyExcept",
      "colliderGroupsFilter": [],
      "damagersFilterLogic": "AnyExcept",
      "damagersFilter": []
    },
    {
      "$type": "ThunderRoad.EffectModuleMesh, Assembly-CSharp",
      "intensityCurve": {
        "keys": [
          {
            "time": 0.0,
            "value": 0.2,
            "inTangent": 0.0,
            "outTangent": 0.0,
            "inWeight": 0.0,
            "outWeight": 0.0,
            "weightedMode": "None",
            "tangentMode": 0
          },
          {
            "time": 1.0,
            "value": 1.0,
            "inTangent": 2.0,
            "outTangent": 2.0,
            "inWeight": 0.0,
            "outWeight": 0.0,
            "weightedMode": "None",
            "tangentMode": 0
          }
        ],
        "length": 2,
        "preWrapMode": "ClampForever",
        "postWrapMode": "ClampForever"
      },
      "lifeTime": 5.0,
      "refreshSpeed": 0.1,
      "linkBaseColor": "None",
      "linkTintColor": "Main",
      "linkEmissionColor": "None",
      "mainColorStart": {
        "r": 1.2,
        "g": 1.2,
        "b": 1.2,
        "a": 1.0
      },
      "mainColorEnd": {
        "r": 1.2,
        "g": 1.2,
        "b": 1.2,
        "a": 1.0
      },
      "secondaryColorStart": {
        "r": 1.2,
        "g": 1.2,
        "b": 1.2,
        "a": 1.0
      },
      "secondaryColorEnd": {
        "r": 1.2,
        "g": 1.2,
        "b": 1.2,
        "a": 1.0
      },
      "mainNoHdrColorStart": {
        "r": 1.2,
        "g": 1.2,
        "b": 1.2,
        "a": 1.0
      },
      "mainNoHdrColorEnd": {
        "r": 1.2,
        "g": 1.2,
        "b": 1.2,
        "a": 1.0
      },
      "secondaryNoHdrColorStart": {
        "r": 1.2,
        "g": 1.2,
        "b": 1.2,
        "a": 1.0
      },
      "secondaryNoHdrColorEnd": {
        "r": 1.2,
        "g": 1.2,
        "b": 1.2,
        "a": 1.0
      },
      "localScale": {
        "x": 0.05105282,
        "y": 0.05105282,
        "z": 0.05105282
      },
      "useSizeCurve": true,
      "sizeCurve": {
        "keys": [
          {
            "time": 0.0,
            "value": 0.008584905,
            "inTangent": 0.0,
            "outTangent": 0.0,
            "inWeight": 0.333333343,
            "outWeight": 0.333333343,
            "weightedMode": "None",
            "tangentMode": 0
          },
          {
            "time": 1.0,
            "value": 0.0662,
            "inTangent": 0.0,
            "outTangent": 0.0,
            "inWeight": 0.333333343,
            "outWeight": 0.333333343,
            "weightedMode": "None",
            "tangentMode": 0
          }
        ],
        "length": 2,
        "preWrapMode": "ClampForever",
        "postWrapMode": "ClampForever"
      },
      "sizeFadeDuration": 0.0,
      "localRotation": {
        "x": 0.0,
        "y": 0.0,
        "z": 0.0
      },
      "useRotationYCurve": false,
      "rotationYCurve": null,
      "rotationFadeDuration": 0.0,
      "meshAddress": "Bas.Mesh.Sphere[GeoSphere]",
      "materials": [
        {
          "$type": "ThunderRoad.EffectModuleMesh+Materials+Material, Assembly-CSharp",
          "materialAddress": "Bas.Material.BallSmokeTile3"
        }
      ],
      "materialProperties": [
        {
          "$type": "ThunderRoad.EffectModuleMesh+MaterialProperty+Vector, Assembly-CSharp",
          "value": {
            "x": 50.0,
            "y": 50.0,
            "z": -10.0,
            "w": 10.0
          },
          "name": "_TimeScale"
        },
        {
          "$type": "ThunderRoad.EffectModuleMesh+MaterialProperty+Vector, Assembly-CSharp",
          "value": {
            "x": 10.0,
            "y": 10.0,
            "z": 0.0,
            "w": 0.0
          },
          "name": "_MainTex_ST"
        }
      ],
      "step": "Loop",
      "stepCustomId": null,
      "plateformFilter": "Windows, Android",
      "isGore": false,
      "damagerStateFilter": "Inactive, Active",
      "damageTypeFilter": "Energy, Blunt, Slash, Pierce",
      "penetrationFilter": "None, Pressure, Hit",
      "imbuesFilterLogic": "AnyExcept",
      "imbuesFilter": [],
      "colliderGroupFilterLogic": "AnyExcept",
      "colliderGroupsFilter": [],
      "damagersFilterLogic": "AnyExcept",
      "damagersFilter": []
    },
    {
      "$type": "ThunderRoad.EffectModuleMesh, Assembly-CSharp",
      "intensityCurve": {
        "keys": [
          {
            "time": 0.0,
            "value": 0.2,
            "inTangent": 0.0,
            "outTangent": 0.0,
            "inWeight": 0.0,
            "outWeight": 0.0,
            "weightedMode": "None",
            "tangentMode": 0
          },
          {
            "time": 1.0,
            "value": 1.0,
            "inTangent": 2.0,
            "outTangent": 2.0,
            "inWeight": 0.0,
            "outWeight": 0.0,
            "weightedMode": "None",
            "tangentMode": 0
          }
        ],
        "length": 2,
        "preWrapMode": "ClampForever",
        "postWrapMode": "ClampForever"
      },
      "lifeTime": 5.0,
      "refreshSpeed": 0.1,
      "linkBaseColor": "None",
      "linkTintColor": "Main",
      "linkEmissionColor": "None",
      "mainColorStart": {
        "r": 0,
        "g": 0,
        "b": 0,
        "a": 1.0
      },
      "mainColorEnd": {
        "r": 0,
        "g": 0,
        "b": 0,
        "a": 1.0
      },
      "secondaryColorStart": {
        "r": 1.2,
        "g": 1.2,
        "b": 1.2,
        "a": 1.0
      },
      "secondaryColorEnd": {
        "r": 1.2,
        "g": 1.2,
        "b": 1.2,
        "a": 1.0
      },
      "mainNoHdrColorStart": {
        "r": 0,
        "g": 0,
        "b": 0,
        "a": 1.0
      },
      "mainNoHdrColorEnd": {
        "r": 0,
        "g": 0,
        "b": 0,
        "a": 1.0
      },
      "secondaryNoHdrColorStart": {
        "r": 1.2,
        "g": 1.2,
        "b": 1.2,
        "a": 1.0
      },
      "secondaryNoHdrColorEnd": {
        "r": 1.2,
        "g": 1.2,
        "b": 1.2,
        "a": 1.0
      },
      "localScale": {
        "x": 0.02698986,
        "y": 0.02698986,
        "z": 0.02698986
      },
      "useSizeCurve": true,
      "sizeCurve": {
        "keys": [
          {
            "time": 0.0,
            "value": 0.00457547139,
            "inTangent": 0.0,
            "outTangent": 0.0,
            "inWeight": 0.333333343,
            "outWeight": 0.333333343,
            "weightedMode": "None",
            "tangentMode": 0
          },
          {
            "time": 1.0,
            "value": 0.02698986,
            "inTangent": 0.0,
            "outTangent": 0.0,
            "inWeight": 0.333333343,
            "outWeight": 0.333333343,
            "weightedMode": "None",
            "tangentMode": 0
          }
        ],
        "length": 2,
        "preWrapMode": "ClampForever",
        "postWrapMode": "ClampForever"
      },
      "sizeFadeDuration": 0.0,
      "localRotation": {
        "x": 0.0,
        "y": 0.0,
        "z": 0.0
      },
      "useRotationYCurve": false,
      "rotationYCurve": null,
      "rotationFadeDuration": 0.0,
      "meshAddress": "Bas.Mesh.Sphere[GeoSphere]",
      "materials": [
        {
          "$type": "ThunderRoad.EffectModuleMesh+Materials+Material, Assembly-CSharp",
          "materialAddress": "Bas.Material.BallSmokeTile3"
        }
      ],
      "materialProperties": [
        {
          "$type": "ThunderRoad.EffectModuleMesh+MaterialProperty+Vector, Assembly-CSharp",
          "value": {
            "x": -40.0,
            "y": 40.0,
            "z": -40.0,
            "w": 40.0
          },
          "name": "_TimeScale"
        },
        {
          "$type": "ThunderRoad.EffectModuleMesh+MaterialProperty+Vector, Assembly-CSharp",
          "value": {
            "x": 20.0,
            "y": 20.0,
            "z": 0.0,
            "w": 0.0
          },
          "name": "_MainTex_ST"
        }
      ],
      "step": "Loop",
      "stepCustomId": null,
      "plateformFilter": "Windows, Android",
      "isGore": false,
      "damagerStateFilter": "Inactive, Active",
      "damageTypeFilter": "Energy, Blunt, Slash, Pierce",
      "penetrationFilter": "None, Pressure, Hit",
      "imbuesFilterLogic": "AnyExcept",
      "imbuesFilter": [],
      "colliderGroupFilterLogic": "AnyExcept",
      "colliderGroupsFilter": [],
      "damagersFilterLogic": "AnyExcept",
      "damagersFilter": []
    },
    {
      "$type": "ThunderRoad.EffectModuleVfx, Assembly-CSharp",
      "vfxAddress": "Bas.Vfx.Spell.Lightning.Charge",
      "intensityCurve": null,
      "lifeTime": 5.0,
      "useSecondaryRenderer": false,
      "lookAtTarget": false,
      "mainColorStart": {
        "r": 3.68980622,
        "g": 20.43585,
        "b": 27.1058846,
        "a": 1.0
      },
      "mainColorEnd": {
        "r": 3.68980622,
        "g": 20.43585,
        "b": 27.1058846,
        "a": 1.0
      },
      "secondaryColorStart": {
        "r": 1.2,
        "g": 1.2,
        "b": 1.2,
        "a": 0.0
      },
      "secondaryColorEnd": {
        "r": 1.2,
        "g": 1.2,
        "b": 1.2,
        "a": 0.0
      },
      "mainNoHdrColorStart": {
        "r": 3.68980622,
        "g": 20.43585,
        "b": 27.1058846,
        "a": 1.0
      },
      "mainNoHdrColorEnd": {
        "r": 3.68980622,
        "g": 20.43585,
        "b": 27.1058846,
        "a": 1.0
      },
      "secondaryNoHdrColorStart": {
        "r": 1.2,
        "g": 1.2,
        "b": 1.2,
        "a": 0.0
      },
      "secondaryNoHdrColorEnd": {
        "r": 1.2,
        "g": 1.2,
        "b": 1.2,
        "a": 0.0
      },
      "localScale": {
        "x": 1.0,
        "y": 1.0,
        "z": 1.0
      },
      "useScaleCurve": false,
      "scaleCurve": null,
      "usePointCache": false,
      "pointCacheSkinnedMeshUpdate": false,
      "pointCacheMapSize": 512,
      "pointCachePointCount": 4096,
      "pointCacheSeed": 0,
      "pointCacheDistribution": "RandomUniformArea",
      "pointCacheBakeMode": "Triangle",
      "useMesh": false,
      "meshAddress": null,
      "materialProperties": [],
      "step": "Loop",
      "stepCustomId": null,
      "plateformFilter": "Windows, Android",
      "isGore": false,
      "damagerStateFilter": "Inactive, Active",
      "damageTypeFilter": "Energy, Blunt, Slash, Pierce",
      "penetrationFilter": "None, Pressure, Hit",
      "imbuesFilterLogic": "AnyExcept",
      "imbuesFilter": [],
      "colliderGroupFilterLogic": "AnyExcept",
      "colliderGroupsFilter": [],
      "damagersFilterLogic": "AnyExcept",
      "damagersFilter": []
    },
    {
      "$type": "ThunderRoad.EffectModuleAudio, Assembly-CSharp",
      "effectLink": "Intensity",
      "audioContainerAddress": "Bas.AudioGroup.Spell.Lightning.ChargeStop",
      "loopFadeDelay": 0.0,
      "audioMixer": "Effect",
      "volumeDb": 0.0,
      "volumeCurve": {
        "keys": [
          {
            "time": 0.0,
            "value": 0.1,
            "inTangent": 0.3,
            "outTangent": 0.3,
            "inWeight": 0.0,
            "outWeight": 0.333333343,
            "weightedMode": "None",
            "tangentMode": 34
          },
          {
            "time": 1.0,
            "value": 0.4,
            "inTangent": 0.3,
            "outTangent": 0.3,
            "inWeight": 0.333333343,
            "outWeight": 0.0,
            "weightedMode": "None",
            "tangentMode": 34
          }
        ],
        "length": 2,
        "preWrapMode": "ClampForever",
        "postWrapMode": "ClampForever"
      },
      "spatialBlend": 1.0,
      "playDelay": 0.0,
      "randomPlay": false,
      "randomMinTime": 2.0,
      "randomMaxTime": 5.0,
      "randomPitch": false,
      "pitchEffectLink": "Intensity",
      "pitchCurve": null,
      "useLowPassFilter": false,
      "lowPassCutoffFrequencyCurve": {
        "keys": [
          {
            "time": 0.0,
            "value": 22000.0,
            "inTangent": 0.0,
            "outTangent": 0.0,
            "inWeight": 0.0,
            "outWeight": 0.0,
            "weightedMode": "None",
            "tangentMode": 0
          },
          {
            "time": 1.0,
            "value": 22000.0,
            "inTangent": 0.0,
            "outTangent": 0.0,
            "inWeight": 0.0,
            "outWeight": 0.0,
            "weightedMode": "None",
            "tangentMode": 0
          }
        ],
        "length": 2,
        "preWrapMode": "ClampForever",
        "postWrapMode": "ClampForever"
      },
      "lowPassResonanceQCurve": {
        "keys": [
          {
            "time": 0.0,
            "value": 1.0,
            "inTangent": 0.0,
            "outTangent": 0.0,
            "inWeight": 0.0,
            "outWeight": 0.0,
            "weightedMode": "None",
            "tangentMode": 0
          },
          {
            "time": 1.0,
            "value": 1.0,
            "inTangent": 0.0,
            "outTangent": 0.0,
            "inWeight": 0.0,
            "outWeight": 0.0,
            "weightedMode": "None",
            "tangentMode": 0
          }
        ],
        "length": 2,
        "preWrapMode": "ClampForever",
        "postWrapMode": "ClampForever"
      },
      "useHighPassFilter": false,
      "highPassCutoffFrequencyCurve": {
        "keys": [
          {
            "time": 0.0,
            "value": 10.0,
            "inTangent": 0.0,
            "outTangent": 0.0,
            "inWeight": 0.0,
            "outWeight": 0.0,
            "weightedMode": "None",
            "tangentMode": 0
          },
          {
            "time": 1.0,
            "value": 10.0,
            "inTangent": 0.0,
            "outTangent": 0.0,
            "inWeight": 0.0,
            "outWeight": 0.0,
            "weightedMode": "None",
            "tangentMode": 0
          }
        ],
        "length": 2,
        "preWrapMode": "ClampForever",
        "postWrapMode": "ClampForever"
      },
      "highPassResonanceQCurve": {
        "keys": [
          {
            "time": 0.0,
            "value": 1.0,
            "inTangent": 0.0,
            "outTangent": 0.0,
            "inWeight": 0.0,
            "outWeight": 0.0,
            "weightedMode": "None",
            "tangentMode": 0
          },
          {
            "time": 1.0,
            "value": 1.0,
            "inTangent": 0.0,
            "outTangent": 0.0,
            "inWeight": 0.0,
            "outWeight": 0.0,
            "weightedMode": "None",
            "tangentMode": 0
          }
        ],
        "length": 2,
        "preWrapMode": "ClampForever",
        "postWrapMode": "ClampForever"
      },
      "useReverbFilter": false,
      "reverbDryLevelCurve": {
        "keys": [
          {
            "time": 0.0,
            "value": 0.0,
            "inTangent": 0.0,
            "outTangent": 0.0,
            "inWeight": 0.0,
            "outWeight": 0.0,
            "weightedMode": "None",
            "tangentMode": 0
          },
          {
            "time": 1.0,
            "value": 0.0,
            "inTangent": 0.0,
            "outTangent": 0.0,
            "inWeight": 0.0,
            "outWeight": 0.0,
            "weightedMode": "None",
            "tangentMode": 0
          }
        ],
        "length": 2,
        "preWrapMode": "ClampForever",
        "postWrapMode": "ClampForever"
      },
      "minDistance": 1.0,
      "maxDistance": 500.0,
      "step": "End",
      "stepCustomId": null,
      "plateformFilter": "Windows, Android",
      "isGore": false,
      "damagerStateFilter": "Inactive, Active",
      "damageTypeFilter": "Energy, Blunt, Slash, Pierce",
      "penetrationFilter": "None, Pressure, Hit",
      "imbuesFilterLogic": "AnyExcept",
      "imbuesFilter": [],
      "colliderGroupFilterLogic": "AnyExcept",
      "colliderGroupsFilter": [],
      "damagersFilterLogic": "AnyExcept",
      "damagersFilter": []
    }
  ]
}