{
  "$type": "ThunderRoad.ItemData, Assembly-CSharp",
  "id": "SpiderSpell",
  "saveFolder": "Bas",
  "version": 4,
  "localizationId": null,
  "displayName": "Spider",
  "description": null,
  "author": "Unknown",
  "price": 0.0,
  "purchasable": false,
  "tier": 0,
  "levelRequired": 0,
  "isStackable": false,
  "categoryPath": [],
  "iconEffectId": "SpellOrbSpider",
  "iconAddress": null,
  "prefabAddress": null,
  "pooledCount": 0,
  "androidPooledCount": 0,
  "type": "Spell",
  "slot": null,
  "snapAudioContainerAddress": null,
  "mass": 1.0,
  "drag": 1.0,
  "angularDrag": 1.0,
  "manaRegenMultiplier": 1.0,
  "spellChargeSpeedPlayerMultiplier": 1.0,
  "spellChargeSpeedNPCMultiplier": 1.0,
  "collisionMaxOverride": 0,
  "collisionEnterOnly": false,
  "collisionNoMinVelocityCheck": false,
  "forceLayer": "None",
  "flyFromThrow": false,
  "flyRotationSpeed": 2.0,
  "flyThrowAngle": 0.0,
  "telekinesisSafeDistance": 1.0,
  "telekinesisSpinEnabled": true,
  "telekinesisThrowRatio": 1.0,
  "grippable": false,
  "customSnaps": [],
  "modules": [
    {
      "$type": "ThunderRoad.ItemModuleSpell, Assembly-CSharp",
      "spellId": "Spider"
    }
  ],
  "colliderGroups": [],
  "damagers": [],
  "Interactables": [],
  "effectHinges": [],
  "whooshs": []
}