{
  "$type": "Spider.Spell, Spider",
  "id": "Spider",
  "saveFolder": "Bas",
  "version": 0,
  "visibleStringAim": false,
  "webColor": {
	  "r": 10,
	  "g": 10,
	  "b": 10,
	  "a": 1
  },
  "webSize": 1.0,
  "maxRange": 35,
  "projectileEffectId": "SpellFireball",
  "projectileId": "DynamicProjectile",
  "projectileDamagerId": "Fireball",
  "projectileImbueEnergyTransfered": 10.0,
  "projectileVelocity": 15.0,
  "projectilePlayerGuided": true,
  "projectileAllowDeflect": true,
  "projectileDeflectEffectId": "HitFireBallDeflect",
  "imbueUseConsumption": 5.0,
  "imbueUseEffectId": "SpellFireballLaunch",
  "chargeEffectId": "SpellSpiderCharge",
  "fingerEffectId": "SpellFireChargeFinger",
  "closeHandPoseId": "ChargeClose",
  "openHandPoseId": "ChargeOpen",
  "chargeSpeed": 0.7,
  "stopSpeed": 0.6,
  "stopIfManaDepleted": false,
  "grabbedFireMaxCharge": 0.5,
  "chargeMinHaptic": 0.05,
  "chargeMaxHaptic": 0.3,
  "allowThrow": true,
  "throwEffectId": "SpellFireballLaunch",
  "throwMinCharge": 0.9,
  "allowSpray": false,
  "sprayHandPoseId": null,
  "sprayMagicOffset": {
    "x": 0.0,
    "y": 0.0,
    "z": 0.0
  },
  "sprayHeadToFireMaxAngle": 45.0,
  "sprayMinCharge": 0.5,
  "imbueEnabled": false,
  "imbueAllowMetal": false,
  "imbueRate": 50.0,
  "imbueRadius": 0.2,
  "imbueManaConsumption": 0.1,
  "imbueHitUseDamager": true,
  "imbueHitMinVelocity": 1.0,
  "imbueWhooshMinSpeed": 4.0,
  "imbueWhooshMaxSpeed": 12.0,
  "imbueWhooshHapticMultiplier": 1.0,
  "imbueMetalEffectId": null,
  "imbueBladeEffectId": "ImbueFire",
  "imbueCrystalEffectId": "ImbueFire",
  "imbueTransferEffectId": "ImbueFireTransfer",
  "aiCastType": "CastSimple",
  "loopMaxDuration": 5.0,
  "aiCastDistance": 10.0,
  "aiMaxDistanceToCast": "Infinity",
  "aiMinDistanceToCast": 8.0,
  "aiMaxDistanceToCancel": "Infinity",
  "aiMinDistanceCancel": 4.0,
  "minMana": 40.0,
  "manaConsumption": 20.0,
  "manaWaste": 12.0,
  "level": 0
}